id,timestampPacket,Vbat,Ibat,oxy_error[0],dpho[0],umolar[0],mbar[0],airSat[0],tempSample[0],tempCase[0],signalIntens[0],ambiLight[0],pressure[0],humidity[0],reistorTEmp[0],percentOxy[0],timestamp[0],oxy_error[1],dpho[1],umolar[1],mbar[1],airSat[1],tempSample[1],tempCase[1],signalIntens[1],ambiLight[1],pressure[1],humidity[1],reistorTEmp[1],percentOxy[1],timestamp[1],oxy_error[2],dpho[2],umolar[2],mbar[2],airSat[2],tempSample[2],tempCase[2],signalIntens[2],ambiLight[2],pressure[2],humidity[2],reistorTEmp[2],percentOxy[2],timestamp[2],oxy_error[3],dpho[3],umolar[3],mbar[3],airSat[3],tempSample[3],tempCase[3],signalIntens[3],ambiLight[3],pressure[3],humidity[3],reistorTEmp[3],percentOxy[3],timestamp[3],oxy_error[4],dpho[4],umolar[4],mbar[4],airSat[4],tempSample[4],tempCase[4],signalIntens[4],ambiLight[4],pressure[4],humidity[4],reistorTEmp[4],percentOxy[4],timestamp[4],oxy_error[5],dpho[5],umolar[5],mbar[5],airSat[5],tempSample[5],tempCase[5],signalIntens[5],ambiLight[5],pressure[5],humidity[5],reistorTEmp[5],percentOxy[5],timestamp[5],light[0],light[1],light[2],light[3],light[4],light[5],light[6],light[7],light[8],light[9],light[10],light[11],thermistor[0],thermistor[1],thermistor[2],thermistor[3],thermistor[4],thermistor[5],thermistor[6],thermistor[7],thermistor[8],heaterPWM[0],heaterPWM[1],heaterPWM[2],heaterPWM[3],heaterPWM[4],heaterPWM[5],pid[0],pid[1],pid[2],
12,27195,28.841391,0.058555,0,0,0,0,0,0,0,0,0,0,0,0,0,0,0,0,0,0,0,0,0,0,0,0,0,0,0,0,2,-79015,-300000,-300000,-300000,21968,21580,35,698,1013730,60722,0,-300000,27245,2,-151497,-300000,-300000,-300000,22156,21740,94,-540,1014964,59245,0,-300000,27361,0,0,0,0,0,0,0,0,0,0,0,0,0,0,0,0,0,0,0,0,0,0,0,0,0,0,0,0,0.000000,0.000000,0.000000,0.000000,0.000000,0.000000,0.020000,-100000.000000,0.020000,-100000.000000,0.020000,-100000.000000,20.688227,20.684076,20.753107,20.679712,20.780909,20.673365,20.850031,0.987074,23.563572,0.000000,0.000000,0.000000,0.000000,0.000000,0.000000,-100000.000000,0.020000,0.500000,
13,29324,28.839258,0.063169,0,0,0,0,0,0,0,0,0,0,0,0,0,0,0,0,0,0,0,0,0,0,0,0,0,0,0,0,2,-53829,-300000,-300000,-300000,21968,21590,31,-1343,1013658,60734,0,-300000,29331,2,-165440,-300000,-300000,-300000,22187,21750,86,-616,1014935,59236,0,-300000,29448,0,0,0,0,0,0,0,0,0,0,0,0,0,0,0,0,0,0,0,0,0,0,0,0,0,0,0,0,0.000000,0.000000,0.000000,0.000000,0.000000,0.000000,0.020000,-100000.000000,0.020000,-100000.000000,0.020000,-100000.000000,20.689722,20.673731,20.743219,20.684900,20.772058,20.681787,20.872797,0.987211,23.563572,0.000000,0.000000,0.000000,0.000000,0.000000,0.000000,-100000.000000,0.020000,0.500000,
14,31412,28.840204,0.063556,0,0,0,0,0,0,0,0,0,0,0,0,0,0,0,0,0,0,0,0,0,0,0,0,0,0,0,0,2,-96300,-300000,-300000,-300000,22000,21590,145,-552,1013693,60700,0,-300000,31419,2,160016,-300000,-300000,-300000,22187,21770,75,-359,1014934,59215,0,-300000,31536,0,0,0,0,0,0,0,0,0,0,0,0,0,0,0,0,0,0,0,0,0,0,0,0,0,0,0,0,0.000000,0.000000,0.000000,0.000000,0.000000,0.000000,0.020000,-100000.000000,0.020000,-100000.000000,0.020000,-100000.000000,20.699152,20.681543,20.745722,20.676142,20.800470,20.667383,20.898584,0.987325,23.989151,0.000000,0.000000,0.000000,0.000000,0.000000,0.000000,-100000.000000,0.020000,0.500000,
15,33499,28.838388,0.062419,0,0,0,0,0,0,0,0,0,0,0,0,0,0,0,0,0,0,0,0,0,0,0,0,0,0,0,0,2,147278,-300000,-300000,-300000,22000,21610,133,-762,1013700,60680,0,-300000,33506,2,-140905,-300000,-300000,-300000,22187,21770,165,176,1014942,59194,0,-300000,33623,0,0,0,0,0,0,0,0,0,0,0,0,0,0,0,0,0,0,0,0,0,0,0,0,0,0,0,0,0.000000,0.000000,0.000000,0.000000,0.000000,0.000000,0.020000,-100000.000000,0.020000,-100000.000000,0.020000,-100000.000000,20.696497,20.663599,20.746668,20.694452,20.789545,20.685694,20.936487,0.987321,24.414730,0.000000,0.000000,0.000000,0.000000,0.000000,0.000000,-100000.000000,0.020000,0.500000,
16,35586,28.837835,0.061693,0,0,0,0,0,0,0,0,0,0,0,0,0,0,0,0,0,0,0,0,0,0,0,0,0,0,0,0,2,-104325,-300000,-300000,-300000,22000,21620,128,-1420,1013655,60637,0,-300000,35593,2,-164642,-300000,-300000,-300000,22218,21780,78,-25,1014951,59150,0,-300000,35711,0,0,0,0,0,0,0,0,0,0,0,0,0,0,0,0,0,0,0,0,0,0,0,0,0,0,0,0,0.000000,0.000000,0.000000,0.000000,0.000000,0.000000,0.020000,-100000.000000,0.020000,-100000.000000,0.020000,-100000.000000,20.690058,20.672571,20.754480,20.689844,20.785761,20.671412,20.943476,0.987605,23.989151,0.000000,0.000000,0.000000,0.000000,0.000000,0.000000,-100000.000000,0.020000,0.500000,
17,37674,28.842733,0.060043,0,0,0,0,0,0,0,0,0,0,0,0,0,0,0,0,0,0,0,0,0,0,0,0,0,0,0,0,2,-163542,-300000,-300000,-300000,22031,21630,45,-2049,1013699,60651,0,-300000,37680,2,-114900,-300000,-300000,-300000,22218,21800,45,-168,1014958,59142,0,-300000,37798,0,0,0,0,0,0,0,0,0,0,0,0,0,0,0,0,0,0,0,0,0,0,0,0,0,0,0,0,0.000000,0.000000,0.000000,0.000000,0.000000,0.000000,0.020000,-100000.000000,0.020000,-100000.000000,0.020000,-100000.000000,20.697657,20.673273,20.758966,20.688105,20.801264,20.672907,20.992640,0.987378,24.414730,0.000000,0.000000,0.000000,0.000000,0.000000,0.000000,-100000.000000,0.020000,0.500000,
18,39762,28.837914,0.064249,0,0,0,0,0,0,0,0,0,0,0,0,0,0,0,0,0,0,0,0,0,0,0,0,0,0,0,0,2,178221,-300000,-300000,-300000,22031,21650,93,259,1013679,60598,0,-300000,39768,2,-93156,-300000,-300000,-300000,22218,21810,53,-1217,1014957,59111,0,-300000,39885,0,0,0,0,0,0,0,0,0,0,0,0,0,0,0,0,0,0,0,0,0,0,0,0,0,0,0,0,0.000000,0.000000,0.000000,0.000000,0.000000,0.000000,0.020000,-100000.000000,0.020000,-100000.000000,0.020000,-100000.000000,20.695826,20.678095,20.753229,20.689386,20.792078,20.677393,21.016565,0.987468,24.414730,0.000000,0.000000,0.000000,0.000000,0.000000,0.000000,-100000.000000,0.020000,0.500000,
19,41848,28.840601,0.060789,0,0,0,0,0,0,0,0,0,0,0,0,0,0,0,0,0,0,0,0,0,0,0,0,0,0,0,0,2,177968,-300000,-300000,-300000,22031,21660,122,-1086,1013731,60577,0,-300000,41854,2,-170914,-300000,-300000,-300000,22250,21810,62,99,1014957,59089,0,-300000,41972,0,0,0,0,0,0,0,0,0,0,0,0,0,0,0,0,0,0,0,0,0,0,0,0,0,0,0,0,0.000000,0.000000,0.000000,0.000000,0.000000,0.000000,0.020000,-100000.000000,0.020000,-100000.000000,0.020000,-100000.000000,20.704920,20.694910,20.755274,20.687433,20.810694,20.683741,21.042475,0.987585,23.989151,0.000000,0.000000,0.000000,0.000000,0.000000,0.000000,-100000.000000,0.020000,0.500000,
20,43934,28.842100,0.059733,0,0,0,0,0,0,0,0,0,0,0,0,0,0,0,0,0,0,0,0,0,0,0,0,0,0,0,0,2,101963,-300000,-300000,-300000,22062,21680,35,-1744,1013730,60557,0,-300000,43941,2,31015,-300000,-300000,-300000,22250,21830,39,-788,1014873,59068,0,-300000,44058,0,0,0,0,0,0,0,0,0,0,0,0,0,0,0,0,0,0,0,0,0,0,0,0,0,0,0,0,0.000000,0.000000,0.000000,0.000000,0.000000,0.000000,0.020000,-100000.000000,0.020000,-100000.000000,0.020000,-100000.000000,20.701441,20.683405,20.747797,20.684992,20.804377,20.683496,21.087152,0.987281,24.414730,0.000000,0.000000,0.000000,0.000000,0.000000,0.000000,-100000.000000,0.020000,0.500000,
21,46020,28.838861,0.062545,0,0,0,0,0,0,0,0,0,0,0,0,0,0,0,0,0,0,0,0,0,0,0,0,0,0,0,0,2,88256,-300000,-300000,-300000,22062,21690,35,-924,1013693,60525,0,-300000,46027,2,176651,-300000,-300000,-300000,22281,21840,195,-301,1014945,59038,0,-300000,46143,0,0,0,0,0,0,0,0,0,0,0,0,0,0,0,0,0,0,0,0,0,0,0,0,0,0,0,0,0.000000,0.000000,0.000000,0.000000,0.000000,0.000000,0.020000,-100000.000000,0.020000,-100000.000000,0.020000,-100000.000000,20.694208,20.680750,20.753321,20.692377,20.806543,20.677881,21.106318,0.987385,23.989151,0.000000,0.000000,0.000000,0.000000,0.000000,0.000000,-100000.000000,0.020000,0.500000,
22,48106,28.839022,0.060347,0,0,0,0,0,0,0,0,0,0,0,0,0,0,0,0,0,0,0,0,0,0,0,0,0,0,0,0,2,-110929,-300000,-300000,-300000,22093,21700,62,-571,1013683,60515,0,-300000,48113,2,-151941,-300000,-300000,-300000,22281,21840,30,13,1014918,59015,0,-300000,48230,0,0,0,0,0,0,0,0,0,0,0,0,0,0,0,0,0,0,0,0,0,0,0,0,0,0,0,0,0.000000,0.000000,0.000000,0.000000,0.000000,0.000000,0.020000,-100000.000000,0.020000,-100000.000000,0.020000,-100000.000000,20.695368,20.676386,20.745386,20.688807,20.791956,20.693872,21.151239,0.987582,24.414730,0.000000,0.000000,0.000000,0.000000,0.000000,0.000000,-100000.000000,0.020000,0.500000,
23,50192,28.839651,0.060935,0,0,0,0,0,0,0,0,0,0,0,0,0,0,0,0,0,0,0,0,0,0,0,0,0,0,0,0,2,175916,-300000,-300000,-300000,22093,21710,51,-1315,1013700,60483,0,-300000,50199,2,133776,-300000,-300000,-300000,22281,21850,35,23,1014943,58995,0,-300000,50316,0,0,0,0,0,0,0,0,0,0,0,0,0,0,0,0,0,0,0,0,0,0,0,0,0,0,0,0,0.000000,0.000000,0.000000,0.000000,0.000000,0.000000,0.020000,-100000.000000,0.020000,-100000.000000,0.020000,-100000.000000,20.711939,20.674189,20.751612,20.693293,20.811365,20.682825,21.164484,0.987472,24.414730,0.000000,0.000000,0.000000,0.000000,0.000000,0.000000,-100000.000000,0.020000,0.500000,
24,52277,28.838705,0.061955,0,0,0,0,0,0,0,0,0,0,0,0,0,0,0,0,0,0,0,0,0,0,0,0,0,0,0,0,2,-166963,-300000,-300000,-300000,22093,21710,93,459,1013727,60472,0,-300000,52284,2,148819,-300000,-300000,-300000,22281,21870,110,-168,1014915,58998,0,-300000,52400,0,0,0,0,0,0,0,0,0,0,0,0,0,0,0,0,0,0,0,0,0,0,0,0,0,0,0,0,0.000000,0.000000,0.000000,0.000000,0.000000,0.000000,0.020000,-100000.000000,0.020000,-100000.000000,0.020000,-100000.000000,20.698359,20.683954,20.749537,20.694910,20.812860,20.660151,21.203089,0.987825,24.414730,0.000000,0.000000,0.000000,0.000000,0.000000,0.000000,-100000.000000,0.020000,0.500000,
25,54364,28.838308,0.061490,0,0,0,0,0,0,0,0,0,0,0,0,0,0,0,0,0,0,0,0,0,0,0,0,0,0,0,0,2,131580,-300000,-300000,-300000,22093,21720,84,-132,1013690,60462,0,-300000,54370,2,173239,-300000,-300000,-300000,22281,21870,51,80,1014915,58986,0,-300000,54487,0,0,0,0,0,0,0,0,0,0,0,0,0,0,0,0,0,0,0,0,0,0,0,0,0,0,0,0,0.000000,0.000000,0.000000,0.000000,0.000000,0.000000,0.020000,-100000.000000,0.020000,-100000.000000,0.020000,-100000.000000,20.710077,20.672907,20.758265,20.684412,20.808741,20.670282,21.240229,0.987308,24.840309,0.000000,0.000000,0.000000,0.000000,0.000000,0.000000,-100000.000000,0.020000,0.500000,
26,56446,28.839493,0.062284,0,0,0,0,0,0,0,0,0,0,0,0,0,0,0,0,0,0,0,0,0,0,0,0,0,0,0,0,2,175550,-300000,-300000,-300000,22125,21730,144,-676,1013734,60419,0,-300000,56453,2,-152242,-300000,-300000,-300000,22312,21880,18,-82,1014913,58966,0,-300000,56571,0,0,0,0,0,0,0,0,0,0,0,0,0,0,0,0,0,0,0,0,0,0,0,0,0,0,0,0,0.000000,0.000000,0.000000,0.000000,0.000000,0.000000,0.020000,-100000.000000,0.020000,-100000.000000,0.020000,-100000.000000,20.704218,20.689722,20.752649,20.683283,20.800806,20.678675,21.278406,0.987345,24.840309,0.000000,0.000000,0.000000,0.000000,0.000000,0.000000,-100000.000000,0.020000,0.500000,
27,58533,28.838228,0.061563,0,0,0,0,0,0,0,0,0,0,0,0,0,0,0,0,0,0,0,0,0,0,0,0,0,0,0,0,2,79380,-300000,-300000,-300000,22125,21740,98,-685,1013724,60387,0,-300000,58539,2,-115299,-300000,-300000,-300000,22343,21890,74,-130,1014922,58945,0,-300000,58656,0,0,0,0,0,0,0,0,0,0,0,0,0,0,0,0,0,0,0,0,0,0,0,0,0,0,0,0,0.000000,0.000000,0.000000,0.000000,0.000000,0.000000,0.020000,-100000.000000,0.020000,-100000.000000,0.020000,-100000.000000,20.703760,20.684534,20.762873,20.690302,20.810694,20.678339,21.299128,0.987682,24.840309,0.000000,0.000000,0.000000,0.000000,0.000000,0.000000,-100000.000000,0.020000,0.500000,
28,60619,28.836094,0.062276,0,0,0,0,0,0,0,0,0,0,0,0,0,0,0,0,0,0,0,0,0,0,0,0,0,0,0,0,2,-60655,-300000,-300000,-300000,22125,21740,54,-409,1013732,60366,0,-300000,60625,2,81550,-300000,-300000,-300000,22343,21900,57,-559,1014920,58925,0,-300000,60742,0,0,0,0,0,0,0,0,0,0,0,0,0,0,0,0,0,0,0,0,0,0,0,0,0,0,0,0,0.000000,0.000000,0.000000,0.000000,0.000000,0.000000,0.020000,-100000.000000,0.020000,-100000.000000,0.020000,-100000.000000,20.699732,20.673731,20.761042,20.699610,20.795160,20.684778,21.334925,0.987592,24.840309,0.000000,0.000000,0.000000,0.000000,0.000000,0.000000,-100000.000000,0.020000,0.500000,
29,62704,28.835857,0.059906,0,0,0,0,0,0,0,0,0,0,0,0,0,0,0,0,0,0,0,0,0,0,0,0,0,0,0,0,2,-127804,-300000,-300000,-300000,22156,21760,85,-437,1013677,60368,0,-300000,62711,2,110309,-300000,-300000,-300000,22343,21910,65,-82,1014984,58925,0,-300000,62828,0,0,0,0,0,0,0,0,0,0,0,0,0,0,0,0,0,0,0,0,0,0,0,0,0,0,0,0,0.000000,0.000000,0.000000,0.000000,0.000000,0.000000,0.020000,-100000.000000,0.020000,-100000.000000,0.020000,-100000.000000,20.703974,20.669703,20.754358,20.696863,20.814814,20.686152,21.347101,0.987612,24.840309,0.000000,0.000000,0.000000,0.000000,0.000000,0.000000,-100000.000000,0.020000,0.500000,
30,64790,28.839811,0.060719,0,0,0,0,0,0,0,0,0,0,0,0,0,0,0,0,0,0,0,0,0,0,0,0,0,0,0,0,2,131872,-300000,-300000,-300000,22156,21760,40,106,1013686,60346,0,-300000,64797,2,-146459,-300000,-300000,-300000,22343,21910,80,-177,1014929,58892,0,-300000,64913,0,0,0,0,0,0,0,0,0,0,0,0,0,0,0,0,0,0,0,0,0,0,0,0,0,0,0,0,0.000000,0.000000,0.000000,0.000000,0.000000,0.000000,0.020000,-100000.000000,0.020000,-100000.000000,0.020000,-100000.000000,20.711939,20.670038,20.762171,20.691553,20.811823,20.684900,21.401117,0.987418,25.265888,0.000000,0.000000,0.000000,0.000000,0.000000,0.000000,-100000.000000,0.020000,0.500000,
31,66876,28.837517,0.062702,0,0,0,0,0,0,0,0,0,0,0,0,0,0,0,0,0,0,0,0,0,0,0,0,0,0,0,0,2,-118314,-300000,-300000,-300000,22187,21790,75,-113,1013701,60317,0,-300000,66883,2,146868,-300000,-300000,-300000,22375,21930,29,118,1014909,58863,0,-300000,67000,0,0,0,0,0,0,0,0,0,0,0,0,0,0,0,0,0,0,0,0,0,0,0,0,0,0,0,0,0.000000,0.000000,0.000000,0.000000,0.000000,0.000000,0.020000,-100000.000000,0.020000,-100000.000000,0.020000,-100000.000000,20.715845,20.686945,20.758509,20.683496,20.808954,20.690302,21.409235,0.987682,24.840309,0.000000,0.000000,0.000000,0.000000,0.000000,0.000000,-100000.000000,0.020000,0.500000,
32,68962,28.838469,0.062996,0,0,0,0,0,0,0,0,0,0,0,0,0,0,0,0,0,0,0,0,0,0,0,0,0,0,0,0,2,155386,-300000,-300000,-300000,22187,21790,142,249,1013647,60305,0,-300000,68969,2,-173486,-300000,-300000,-300000,22375,21930,117,-645,1014917,58851,0,-300000,69085,0,0,0,0,0,0,0,0,0,0,0,0,0,0,0,0,0,0,0,0,0,0,0,0,0,0,0,0,0.000000,0.000000,0.000000,0.000000,0.000000,0.000000,0.020000,-100000.000000,0.020000,-100000.000000,0.020000,-100000.000000,20.694788,20.677179,20.769770,20.699152,20.804712,20.677515,21.451410,0.987548,24.840309,0.000000,0.000000,0.000000,0.000000,0.000000,0.000000,-100000.000000,0.020000,0.500000,
33,71049,28.840445,0.062042,0,0,0,0,0,0,0,0,0,0,0,0,0,0,0,0,0,0,0,0,0,0,0,0,0,0,0,0,2,118124,-300000,-300000,-300000,22187,21800,117,-494,1013745,60274,0,-300000,71056,2,-145534,-300000,-300000,-300000,22375,21940,128,128,1014934,58831,0,-300000,71173,0,0,0,0,0,0,0,0,0,0,0,0,0,0,0,0,0,0,0,0,0,0,0,0,0,0,0,0,0.000000,0.000000,0.000000,0.000000,0.000000,0.000000,0.020000,-100000.000000,0.020000,-100000.000000,0.020000,-100000.000000,20.710077,20.686853,20.749750,20.701227,20.808374,20.687769,21.477747,0.987835,25.265888,0.000000,0.000000,0.000000,0.000000,0.000000,0.000000,-100000.000000,0.020000,0.500000,
34,73136,28.837202,0.061819,0,0,0,0,0,0,0,0,0,0,0,0,0,0,0,0,0,0,0,0,0,0,0,0,0,0,0,0,2,168701,-300000,-300000,-300000,22187,21800,84,-1229,1013683,60272,0,-300000,73142,2,-179999,-300000,-300000,-300000,22375,21940,97,462,1014852,58820,0,-300000,73260,0,0,0,0,0,0,0,0,0,0,0,0,0,0,0,0,0,0,0,0,0,0,0,0,0,0,0,0,0.000000,0.000000,0.000000,0.000000,0.000000,0.000000,0.020000,-100000.000000,0.020000,-100000.000000,0.020000,-100000.000000,20.705591,20.679255,20.761713,20.692469,20.805048,20.694666,21.510096,0.987708,25.265888,0.000000,0.000000,0.000000,0.000000,0.000000,0.000000,-100000.000000,0.020000,0.500000,
35,75222,28.839571,0.061874,0,0,0,0,0,0,0,0,0,0,0,0,0,0,0,0,0,0,0,0,0,0,0,0,0,0,0,0,2,166511,-300000,-300000,-300000,22187,21820,125,-332,1013717,60253,0,-300000,75229,2,-78709,-300000,-300000,-300000,22406,21950,100,128,1014897,58810,0,-300000,75346,0,0,0,0,0,0,0,0,0,0,0,0,0,0,0,0,0,0,0,0,0,0,0,0,0,0,0,0,0.000000,0.000000,0.000000,0.000000,0.000000,0.000000,0.020000,-100000.000000,0.020000,-100000.000000,0.020000,-100000.000000,20.710993,20.701929,20.756189,20.694788,20.811609,20.693506,21.529200,0.987632,24.840309,0.000000,0.000000,0.000000,0.000000,0.000000,0.000000,-100000.000000,0.020000,0.500000,
36,77309,28.837202,0.062253,0,0,0,0,0,0,0,0,0,0,0,0,0,0,0,0,0,0,0,0,0,0,0,0,0,0,0,0,2,-163792,-300000,-300000,-300000,22187,21820,113,40,1013717,60232,0,-300000,77315,2,-45300,-300000,-300000,-300000,22406,21970,69,-53,1014923,58791,0,-300000,77432,0,0,0,0,0,0,0,0,0,0,0,0,0,0,0,0,0,0,0,0,0,0,0,0,0,0,0,0,0.000000,0.000000,0.000000,0.000000,0.000000,0.000000,0.020000,-100000.000000,0.020000,-100000.000000,0.020000,-100000.000000,20.698114,20.692591,20.771479,20.687067,20.807337,20.686029,21.567286,0.987718,24.840309,0.000000,0.000000,0.000000,0.000000,0.000000,0.000000,-100000.000000,0.020000,0.500000,
37,79394,28.838942,0.062029,0,0,0,0,0,0,0,0,0,0,0,0,0,0,0,0,0,0,0,0,0,0,0,0,0,0,0,0,2,-103085,-300000,-300000,-300000,22218,21820,69,-1057,1013717,60243,0,-300000,79400,2,115503,-300000,-300000,-300000,22406,21970,90,-235,1014932,58781,0,-300000,79518,0,0,0,0,0,0,0,0,0,0,0,0,0,0,0,0,0,0,0,0,0,0,0,0,0,0,0,0,0.000000,0.000000,0.000000,0.000000,0.000000,0.000000,0.020000,-100000.000000,0.020000,-100000.000000,0.020000,-100000.000000,20.707422,20.695826,20.761591,20.696619,20.809656,20.683283,21.606287,0.987645,25.265888,0.000000,0.000000,0.000000,0.000000,0.000000,0.000000,-100000.000000,0.020000,0.500000,
38,81481,28.837675,0.062093,0,0,0,0,0,0,0,0,0,0,0,0,0,0,0,0,0,0,0,0,0,0,0,0,0,0,0,0,2,-154305,-300000,-300000,-300000,22218,21840,138,-847,1013697,60212,0,-300000,81488,2,178936,-300000,-300000,-300000,22406,21980,57,-311,1015004,58758,0,-300000,81605,0,0,0,0,0,0,0,0,0,0,0,0,0,0,0,0,0,0,0,0,0,0,0,0,0,0,0,0,0.000000,0.000000,0.000000,0.000000,0.000000,0.000000,0.020000,-100000.000000,0.020000,-100000.000000,0.020000,-100000.000000,20.705469,20.695826,20.767694,20.682001,20.809992,20.683741,21.630732,0.987725,25.265888,0.000000,0.000000,0.000000,0.000000,0.000000,0.000000,-100000.000000,0.020000,0.500000,
39,83566,28.838705,0.059321,0,0,0,0,0,0,0,0,0,0,0,0,0,0,0,0,0,0,0,0,0,0,0,0,0,0,0,0,2,33197,-300000,-300000,-300000,22218,21850,62,-466,1013660,60201,0,-300000,83572,2,82107,-300000,-300000,-300000,22437,21990,94,-816,1014912,58739,0,-300000,83688,0,0,0,0,0,0,0,0,0,0,0,0,0,0,0,0,0,0,0,0,0,0,0,0,0,0,0,0,0.000000,0.000000,0.000000,0.000000,0.000000,0.000000,0.020000,-100000.000000,0.020000,-100000.000000,0.020000,-100000.000000,20.703760,20.694452,20.746424,20.698359,20.809198,20.690302,21.652063,0.987422,25.265888,0.000000,0.000000,0.000000,0.000000,0.000000,0.000000,-100000.000000,0.020000,0.500000,
40,85651,28.837362,0.059973,0,0,0,0,0,0,0,0,0,0,0,0,0,0,0,0,0,0,0,0,0,0,0,0,0,0,0,0,2,-147773,-300000,-300000,-300000,22218,21850,81,-437,1013660,60201,0,-300000,85658,2,-13284,-300000,-300000,-300000,22437,22000,37,347,1014893,58739,0,-300000,85775,0,0,0,0,0,0,0,0,0,0,0,0,0,0,0,0,0,0,0,0,0,0,0,0,0,0,0,0,0.000000,0.000000,0.000000,0.000000,0.000000,0.000000,0.020000,-100000.000000,0.020000,-100000.000000,0.020000,-100000.000000,20.698359,20.696039,20.754358,20.691675,20.813196,20.686945,21.690241,0.987562,25.265888,0.000000,0.000000,0.000000,0.000000,0.000000,0.000000,-100000.000000,0.020000,0.500000,
41,87737,28.838781,0.061093,0,0,0,0,0,0,0,0,0,0,0,0,0,0,0,0,0,0,0,0,0,0,0,0,0,0,0,0,2,135224,-300000,-300000,-300000,22250,21850,75,-828,1013695,60168,0,-300000,87744,2,-134395,-300000,-300000,-300000,22437,22000,97,52,1014902,58716,0,-300000,87860,0,0,0,0,0,0,0,0,0,0,0,0,0,0,0,0,0,0,0,0,0,0,0,0,0,0,0,0,0.000000,0.000000,0.000000,0.000000,0.000000,0.000000,0.020000,-100000.000000,0.020000,-100000.000000,0.020000,-100000.000000,20.724817,20.684412,20.761377,20.692713,20.816095,20.699152,21.707087,0.987945,25.265888,0.000000,0.000000,0.000000,0.000000,0.000000,0.000000,-100000.000000,0.020000,0.500000,
42,89822,28.840048,0.061019,0,0,0,0,0,0,0,0,0,0,0,0,0,0,0,0,0,0,0,0,0,0,0,0,0,0,0,0,2,111321,-300000,-300000,-300000,22250,21860,104,-1067,1013712,60160,0,-300000,89829,2,-170636,-300000,-300000,-300000,22437,22010,54,385,1014910,58696,0,-300000,89947,0,0,0,0,0,0,0,0,0,0,0,0,0,0,0,0,0,0,0,0,0,0,0,0,0,0,0,0,0.000000,0.000000,0.000000,0.000000,0.000000,0.000000,0.020000,-100000.000000,0.020000,-100000.000000,0.020000,-100000.000000,20.702967,20.687525,20.753778,20.699274,20.814600,20.687891,21.743158,0.988065,25.265888,0.000000,0.000000,0.000000,0.000000,0.000000,0.000000,-100000.000000,0.020000,0.500000,
43,91909,28.838469,0.062056,0,0,0,0,0,0,0,0,0,0,0,0,0,0,0,0,0,0,0,0,0,0,0,0,0,0,0,0,2,-163268,-300000,-300000,-300000,22250,21880,282,-1811,1013684,60139,0,-300000,91915,2,-139344,-300000,-300000,-300000,22437,22020,52,-139,1014927,58697,0,-300000,92034,0,0,0,0,0,0,0,0,0,0,0,0,0,0,0,0,0,0,0,0,0,0,0,0,0,0,0,0,0.000000,0.000000,0.000000,0.000000,0.000000,0.000000,0.020000,-100000.000000,0.020000,-100000.000000,0.020000,-100000.000000,20.720911,20.688440,20.764704,20.710199,20.819422,20.676020,21.773737,0.987635,25.265888,0.000000,0.000000,0.000000,0.000000,0.000000,0.000000,-100000.000000,0.020000,0.500000,
44,93997,28.838625,0.061111,0,0,0,0,0,0,0,0,0,0,0,0,0,0,0,0,0,0,0,0,0,0,0,0,0,0,0,0,2,162608,-300000,-300000,-300000,22250,21880,87,-695,1013684,60106,0,-300000,94003,2,154046,-300000,-300000,-300000,22437,22020,43,252,1014900,58686,0,-300000,94120,0,0,0,0,0,0,0,0,0,0,0,0,0,0,0,0,0,0,0,0,0,0,0,0,0,0,0,0,0.000000,0.000000,0.000000,0.000000,0.000000,0.000000,0.020000,-100000.000000,0.020000,-100000.000000,0.020000,-100000.000000,20.718958,20.686274,20.768610,20.697077,20.814936,20.680292,21.811762,0.987698,26.117048,0.000000,0.000000,0.000000,0.000000,0.000000,0.000000,-100000.000000,0.020000,0.500000,
45,96082,28.841467,0.060874,0,0,0,0,0,0,0,0,0,0,0,0,0,0,0,0,0,0,0,0,0,0,0,0,0,0,0,0,2,-176315,-300000,-300000,-300000,22281,21880,21,-704,1013665,60118,0,-300000,96088,2,178734,-300000,-300000,-300000,22468,22030,61,-845,1014898,58677,0,-300000,96206,0,0,0,0,0,0,0,0,0,0,0,0,0,0,0,0,0,0,0,0,0,0,0,0,0,0,0,0,0.000000,0.000000,0.000000,0.000000,0.000000,0.000000,0.020000,-100000.000000,0.020000,-100000.000000,0.020000,-100000.000000,20.713892,20.702723,20.759424,20.706415,20.818842,20.705469,21.820368,0.987758,25.265888,0.000000,0.000000,0.000000,0.000000,0.000000,0.000000,-100000.000000,0.020000,0.500000,
46,98169,28.835697,0.062392,0,0,0,0,0,0,0,0,0,0,0,0,0,0,0,0,0,0,0,0,0,0,0,0,0,0,0,0,2,-153316,-300000,-300000,-300000,22281,21900,86,-485,1013718,60086,0,-300000,98176,2,-89926,-300000,-300000,-300000,22468,22030,70,-320,1014953,58666,0,-300000,98293,0,0,0,0,0,0,0,0,0,0,0,0,0,0,0,0,0,0,0,0,0,0,0,0,0,0,0,0,0.000000,0.000000,0.000000,0.000000,0.000000,0.000000,0.020000,-100000.000000,0.020000,-100000.000000,0.020000,-100000.000000,20.707666,20.690180,20.755732,20.709864,20.824121,20.687311,21.853815,0.987602,26.117048,0.000000,0.000000,0.000000,0.000000,0.000000,0.000000,-100000.000000,0.020000,0.500000,
47,100256,28.837280,0.060288,0,0,0,0,0,0,0,0,0,0,0,0,0,0,0,0,0,0,0,0,0,0,0,0,0,0,0,0,2,-96183,-300000,-300000,-300000,22312,21900,58,-628,1013691,60075,0,-300000,100263,2,93406,-300000,-300000,-300000,22500,22040,77,-91,1014888,58646,0,-300000,100379,0,0,0,0,0,0,0,0,0,0,0,0,0,0,0,0,0,0,0,0,0,0,0,0,0,0,0,0,0.000000,0.000000,0.000000,0.000000,0.000000,0.000000,0.020000,-100000.000000,0.020000,-100000.000000,0.020000,-100000.000000,20.718012,20.685572,20.757807,20.709040,20.810785,20.694086,21.890223,0.987585,25.265888,0.000000,0.000000,0.000000,0.000000,0.000000,0.000000,-100000.000000,0.020000,0.500000,
48,102341,28.838625,0.061895,0,0,0,0,0,0,0,0,0,0,0,0,0,0,0,0,0,0,0,0,0,0,0,0,0,0,0,0,2,95759,-300000,-300000,-300000,22281,21900,49,-981,1013753,60032,0,-300000,102348,2,175523,-300000,-300000,-300000,22500,22050,113,-406,1014905,58636,0,-300000,102464,0,0,0,0,0,0,0,0,0,0,0,0,0,0,0,0,0,0,0,0,0,0,0,0,0,0,0,0,0.000000,0.000000,0.000000,0.000000,0.000000,0.000000,0.020000,-100000.000000,0.020000,-100000.000000,0.020000,-100000.000000,20.709040,20.694544,20.763330,20.696039,20.827112,20.693628,21.914362,0.987308,25.691469,0.000000,0.000000,0.000000,0.000000,0.000000,0.000000,-100000.000000,0.020000,0.500000,
49,104427,28.835777,0.062414,0,0,0,0,0,0,0,0,0,0,0,0,0,0,0,0,0,0,0,0,0,0,0,0,0,0,0,0,2,-35680,-300000,-300000,-300000,22281,21900,52,-275,1013726,60042,0,-300000,104434,2,176542,-300000,-300000,-300000,22500,22050,117,776,1014933,58636,0,-300000,104550,0,0,0,0,0,0,0,0,0,0,0,0,0,0,0,0,0,0,0,0,0,0,0,0,0,0,0,0,0.000000,0.000000,0.000000,0.000000,0.000000,0.000000,0.020000,-100000.000000,0.020000,-100000.000000,0.020000,-100000.000000,20.720667,20.691675,20.779413,20.694208,20.804132,20.693506,21.936426,0.987408,25.691469,0.000000,0.000000,0.000000,0.000000,0.000000,0.000000,-100000.000000,0.020000,0.500000,
50,106513,28.837362,0.060818,0,0,0,0,0,0,0,0,0,0,0,0,0,0,0,0,0,0,0,0,0,0,0,0,0,0,0,0,2,-129695,-300000,-300000,-300000,22312,21920,110,-180,1013725,60022,0,-300000,106520,2,-156060,-300000,-300000,-300000,22500,22060,95,-235,1014950,58604,0,-300000,106638,0,0,0,0,0,0,0,0,0,0,0,0,0,0,0,0,0,0,0,0,0,0,0,0,0,0,0,0,0.000000,0.000000,0.000000,0.000000,0.000000,0.000000,0.020000,-100000.000000,0.020000,-100000.000000,0.020000,-100000.000000,20.713068,20.697443,20.760584,20.712946,20.815973,20.707911,21.956659,0.987625,26.117048,0.000000,0.000000,0.000000,0.000000,0.000000,0.000000,-100000.000000,0.020000,0.500000,
51,108601,28.836491,0.062478,0,0,0,0,0,0,0,0,0,0,0,0,0,0,0,0,0,0,0,0,0,0,0,0,0,0,0,0,2,147093,-300000,-300000,-300000,22312,21920,38,-342,1013733,60012,0,-300000,108607,2,95526,-300000,-300000,-300000,22500,22070,123,176,1014904,58604,0,-300000,108724,0,0,0,0,0,0,0,0,0,0,0,0,0,0,0,0,0,0,0,0,0,0,0,0,0,0,0,0,0.000000,0.000000,0.000000,0.000000,0.000000,0.000000,0.020000,-100000.000000,0.020000,-100000.000000,0.020000,-100000.000000,20.733789,20.696863,20.771021,20.701563,20.820093,20.689600,21.986506,0.987945,25.691469,0.000000,0.000000,0.000000,0.000000,0.000000,0.000000,-100000.000000,0.020000,0.500000,
52,110683,28.835857,0.063319,0,0,0,0,0,0,0,0,0,0,0,0,0,0,0,0,0,0,0,0,0,0,0,0,0,0,0,0,2,164933,-300000,-300000,-300000,22312,21930,95,-857,1013670,60002,0,-300000,110690,2,-133128,-300000,-300000,-300000,22531,22080,62,-1217,1014949,58583,0,-300000,110807,0,0,0,0,0,0,0,0,0,0,0,0,0,0,0,0,0,0,0,0,0,0,0,0,0,0,0,0,0.000000,0.000000,0.000000,0.000000,0.000000,0.000000,0.020000,-100000.000000,0.020000,-100000.000000,0.020000,-100000.000000,20.713770,20.685572,20.771723,20.705011,20.823664,20.702143,22.003748,0.987605,26.117048,0.000000,0.000000,0.000000,0.000000,0.000000,0.000000,-100000.000000,0.020000,0.500000,
53,112771,28.835857,0.059990,0,0,0,0,0,0,0,0,0,0,0,0,0,0,0,0,0,0,0,0,0,0,0,0,0,0,0,0,2,-159483,-300000,-300000,-300000,22343,21930,58,-637,1013750,60002,0,-300000,112777,2,162535,-300000,-300000,-300000,22531,22080,17,423,1014921,58583,0,-300000,112895,0,0,0,0,0,0,0,0,0,0,0,0,0,0,0,0,0,0,0,0,0,0,0,0,0,0,0,0,0.000000,0.000000,0.000000,0.000000,0.000000,0.000000,0.020000,-100000.000000,0.020000,-100000.000000,0.020000,-100000.000000,20.718958,20.685450,20.773096,20.707087,20.818720,20.694452,22.057978,0.988115,25.691469,0.000000,0.000000,0.000000,0.000000,0.000000,0.000000,-100000.000000,0.020000,0.500000,
54,114857,28.838861,0.061807,0,0,0,0,0,0,0,0,0,0,0,0,0,0,0,0,0,0,0,0,0,0,0,0,0,0,0,0,2,-129183,-300000,-300000,-300000,22312,21950,90,-456,1013722,59982,0,-300000,114863,2,-174531,-300000,-300000,-300000,22531,22070,67,214,1014858,58561,0,-300000,114981,0,0,0,0,0,0,0,0,0,0,0,0,0,0,0,0,0,0,0,0,0,0,0,0,0,0,0,0,0.000000,0.000000,0.000000,0.000000,0.000000,0.000000,0.020000,-100000.000000,0.020000,-100000.000000,0.020000,-100000.000000,20.703516,20.697992,20.779322,20.692713,20.831018,20.693964,22.067347,0.987755,26.117048,0.000000,0.000000,0.000000,0.000000,0.000000,0.000000,-100000.000000,0.020000,0.500000,
55,116943,28.833803,0.061582,0,0,0,0,0,0,0,0,0,0,0,0,0,0,0,0,0,0,0,0,0,0,0,0,0,0,0,0,2,173798,-300000,-300000,-300000,22343,21940,98,-733,1013732,59968,0,-300000,116949,2,-150077,-300000,-300000,-300000,22531,22090,86,690,1014966,58552,0,-300000,117066,0,0,0,0,0,0,0,0,0,0,0,0,0,0,0,0,0,0,0,0,0,0,0,0,0,0,0,0,0.000000,0.000000,0.000000,0.000000,0.000000,0.000000,0.020000,-100000.000000,0.020000,-100000.000000,0.020000,-100000.000000,20.736994,20.684412,20.784601,20.695368,20.826990,20.699396,22.099939,0.987942,26.117048,0.000000,0.000000,0.000000,0.000000,0.000000,0.000000,-100000.000000,0.020000,0.500000,
56,119029,28.835619,0.061583,0,0,0,0,0,0,0,0,0,0,0,0,0,0,0,0,0,0,0,0,0,0,0,0,0,0,0,0,2,179002,-300000,-300000,-300000,22343,21950,135,-1028,1013695,59949,0,-300000,119036,2,-91910,-300000,-300000,-300000,22531,22100,7,90,1014865,58541,0,-300000,119154,0,0,0,0,0,0,0,0,0,0,0,0,0,0,0,0,0,0,0,0,0,0,0,0,0,0,0,0,0.000000,0.000000,0.000000,0.000000,0.000000,0.000000,0.020000,-100000.000000,0.020000,-100000.000000,0.020000,-100000.000000,20.720911,20.693415,20.777124,20.704432,20.826075,20.693171,22.129786,0.987835,26.117048,0.000000,0.000000,0.000000,0.000000,0.000000,0.000000,-100000.000000,0.020000,0.500000,
57,121114,28.838388,0.061582,0,0,0,0,0,0,0,0,0,0,0,0,0,0,0,0,0,0,0,0,0,0,0,0,0,0,0,0,2,-152167,-300000,-300000,-300000,22343,21960,111,-1086,1013712,59939,0,-300000,121120,2,-136593,-300000,-300000,-300000,22531,22110,20,-235,1014937,58542,0,-300000,121239,0,0,0,0,0,0,0,0,0,0,0,0,0,0,0,0,0,0,0,0,0,0,0,0,0,0,0,0,0.000000,0.000000,0.000000,0.000000,0.000000,0.000000,0.020000,-100000.000000,0.020000,-100000.000000,0.020000,-100000.000000,20.712152,20.690760,20.784601,20.703058,20.828730,20.695002,22.160791,0.987695,25.691469,0.000000,0.000000,0.000000,0.000000,0.000000,0.000000,-100000.000000,0.020000,0.500000,
58,123202,28.836014,0.062533,0,0,0,0,0,0,0,0,0,0,0,0,0,0,0,0,0,0,0,0,0,0,0,0,0,0,0,0,2,-164657,-300000,-300000,-300000,22375,21970,89,-1219,1013702,59929,0,-300000,123208,2,83758,-300000,-300000,-300000,22531,22100,31,-6,1014928,58521,0,-300000,123326,0,0,0,0,0,0,0,0,0,0,0,0,0,0,0,0,0,0,0,0,0,0,0,0,0,0,0,0,0.000000,0.000000,0.000000,0.000000,0.000000,0.000000,0.020000,-100000.000000,0.020000,-100000.000000,0.020000,-100000.000000,20.711451,20.687311,20.771143,20.711939,20.824457,20.691095,22.184107,0.987895,26.117048,0.000000,0.000000,0.000000,0.000000,0.000000,0.000000,-100000.000000,0.020000,0.500000,
59,125287,28.836174,0.061197,0,0,0,0,0,0,0,0,0,0,0,0,0,0,0,0,0,0,0,0,0,0,0,0,0,0,0,0,2,77155,-300000,-300000,-300000,22375,21970,31,-1629,1013729,59918,0,-300000,125294,2,-131769,-300000,-300000,-300000,22531,22120,114,-292,1014927,58510,0,-300000,125410,0,0,0,0,0,0,0,0,0,0,0,0,0,0,0,0,0,0,0,0,0,0,0,0,0,0,0,0,0.000000,0.000000,0.000000,0.000000,0.000000,0.000000,0.020000,-100000.000000,0.020000,-100000.000000,0.020000,-100000.000000,20.726191,20.695002,20.780909,20.697992,20.841364,20.688105,22.212610,0.987935,26.117048,0.000000,0.000000,0.000000,0.000000,0.000000,0.000000,-100000.000000,0.020000,0.500000,
60,127374,28.838228,0.060335,0,0,0,0,0,0,0,0,0,0,0,0,0,0,0,0,0,0,0,0,0,0,0,0,0,0,0,0,2,162362,-300000,-300000,-300000,22375,21970,82,-1172,1013737,59919,0,-300000,127380,2,166111,-300000,-300000,-300000,22562,22120,144,-244,1014927,58510,0,-300000,127498,0,0,0,0,0,0,0,0,0,0,0,0,0,0,0,0,0,0,0,0,0,0,0,0,0,0,0,0,0.000000,0.000000,0.000000,0.000000,0.000000,0.000000,0.020000,-100000.000000,0.020000,-100000.000000,0.020000,-100000.000000,20.718836,20.698572,20.767481,20.718378,20.838037,20.695459,22.231501,0.988252,26.117048,0.000000,0.000000,0.000000,0.000000,0.000000,0.000000,-100000.000000,0.020000,0.500000,
61,129461,28.835304,0.063063,0,0,0,0,0,0,0,0,0,0,0,0,0,0,0,0,0,0,0,0,0,0,0,0,0,0,0,0,2,-134906,-300000,-300000,-300000,22375,21980,90,-103,1013772,59909,0,-300000,129467,2,-141476,-300000,-300000,-300000,22593,22120,193,-158,1014927,58489,0,-300000,129585,0,0,0,0,0,0,0,0,0,0,0,0,0,0,0,0,0,0,0,0,0,0,0,0,0,0,0,0,0.000000,0.000000,0.000000,0.000000,0.000000,0.000000,0.020000,-100000.000000,0.020000,-100000.000000,0.020000,-100000.000000,20.711817,20.709040,20.787470,20.715479,20.813562,20.695917,22.265467,0.987862,26.117048,0.000000,0.000000,0.000000,0.000000,0.000000,0.000000,-100000.000000,0.020000,0.500000,
62,131549,28.835938,0.062941,0,0,0,0,0,0,0,0,0,0,0,0,0,0,0,0,0,0,0,0,0,0,0,0,0,0,0,0,2,-159165,-300000,-300000,-300000,22375,21980,70,-876,1013746,59897,0,-300000,131555,2,-170288,-300000,-300000,-300000,22562,22130,128,-893,1014980,58502,0,-300000,131673,0,0,0,0,0,0,0,0,0,0,0,0,0,0,0,0,0,0,0,0,0,0,0,0,0,0,0,0,0.000000,0.000000,0.000000,0.000000,0.000000,0.000000,0.020000,-100000.000000,0.020000,-100000.000000,0.020000,-100000.000000,20.715937,20.691553,20.771143,20.718012,20.807123,20.705591,22.276545,0.987705,26.542627,0.000000,0.000000,0.000000,0.000000,0.000000,0.000000,-100000.000000,0.020000,0.500000,
63,133637,28.835938,0.061182,0,0,0,0,0,0,0,0,0,0,0,0,0,0,0,0,0,0,0,0,0,0,0,0,0,0,0,0,2,-55198,-300000,-300000,-300000,22406,21990,32,-1725,1013655,59876,0,-300000,133644,2,146696,-300000,-300000,-300000,22562,22140,74,738,1014988,58481,0,-300000,133761,0,0,0,0,0,0,0,0,0,0,0,0,0,0,0,0,0,0,0,0,0,0,0,0,0,0,0,0,0.000000,0.000000,0.000000,0.000000,0.000000,0.000000,0.020000,-100000.000000,0.020000,-100000.000000,0.020000,-100000.000000,20.719965,20.702143,20.790339,20.697443,20.818842,20.696863,22.322992,0.987608,26.542627,0.000000,0.000000,0.000000,0.000000,0.000000,0.000000,-100000.000000,0.020000,0.500000,
64,135721,28.835697,0.062467,0,0,0,0,0,0,0,0,0,0,0,0,0,0,0,0,0,0,0,0,0,0,0,0,0,0,0,0,2,-130098,-300000,-300000,-300000,22406,22000,122,-1668,1013699,59867,0,-300000,135727,2,-153982,-300000,-300000,-300000,22593,22140,84,328,1014942,58459,0,-300000,135846,0,0,0,0,0,0,0,0,0,0,0,0,0,0,0,0,0,0,0,0,0,0,0,0,0,0,0,0,0.000000,0.000000,0.000000,0.000000,0.000000,0.000000,0.020000,-100000.000000,0.020000,-100000.000000,0.020000,-100000.000000,20.713190,20.695246,20.773340,20.709620,20.810785,20.703974,22.327539,0.987612,26.117048,0.000000,0.000000,0.000000,0.000000,0.000000,0.000000,-100000.000000,0.020000,0.500000,
65,137805,28.835777,0.062404,0,0,0,0,0,0,0,0,0,0,0,0,0,0,0,0,0,0,0,0,0,0,0,0,0,0,0,0,2,-108684,-300000,-300000,-300000,22406,22000,41,-1620,1013734,59845,0,-300000,137811,2,-136201,-300000,-300000,-300000,22593,22140,54,-273,1014942,58459,0,-300000,137929,0,0,0,0,0,0,0,0,0,0,0,0,0,0,0,0,0,0,0,0,0,0,0,0,0,0,0,0,0.000000,0.000000,0.000000,0.000000,0.000000,0.000000,0.020000,-100000.000000,0.020000,-100000.000000,0.020000,-100000.000000,20.728357,20.689844,20.770350,20.727442,20.824121,20.689020,22.353815,0.988082,26.542627,0.000000,0.000000,0.000000,0.000000,0.000000,0.000000,-100000.000000,0.020000,0.500000,
66,139893,28.832224,0.063573,0,0,0,0,0,0,0,0,0,0,0,0,0,0,0,0,0,0,0,0,0,0,0,0,0,0,0,0,2,142731,-300000,-300000,-300000,22406,22010,146,-1105,1013689,59845,0,-300000,139900,2,6038,-300000,-300000,-300000,22593,22150,102,-168,1014951,58448,0,-300000,140018,0,0,0,0,0,0,0,0,0,0,0,0,0,0,0,0,0,0,0,0,0,0,0,0,0,0,0,0,0.000000,0.000000,0.000000,0.000000,0.000000,0.000000,0.020000,-100000.000000,0.020000,-100000.000000,0.020000,-100000.000000,20.724360,20.690516,20.783899,20.717554,20.826075,20.695704,22.360193,0.988002,26.542627,0.000000,0.000000,0.000000,0.000000,0.000000,0.000000,-100000.000000,0.020000,0.500000,
67,141980,28.834988,0.062172,0,0,0,0,0,0,0,0,0,0,0,0,0,0,0,0,0,0,0,0,0,0,0,0,0,0,0,0,2,64200,-300000,-300000,-300000,22437,22010,82,-56,1013751,59846,0,-300000,141987,2,-75318,-300000,-300000,-300000,22593,22150,65,71,1014960,58427,0,-300000,142102,0,0,0,0,0,0,0,0,0,0,0,0,0,0,0,0,0,0,0,0,0,0,0,0,0,0,0,0,0.000000,0.000000,0.000000,0.000000,0.000000,0.000000,0.020000,-100000.000000,0.020000,-100000.000000,0.020000,-100000.000000,20.721125,20.708582,20.790216,20.706873,20.824701,20.700434,22.406488,0.987161,26.117048,0.000000,0.000000,0.000000,0.000000,0.000000,0.000000,-100000.000000,0.020000,0.500000,
68,144064,28.836727,0.061306,0,0,0,0,0,0,0,0,0,0,0,0,0,0,0,0,0,0,0,0,0,0,0,0,0,0,0,0,2,157912,-300000,-300000,-300000,22406,22020,107,59,1013679,59825,0,-300000,144071,2,82360,-300000,-300000,-300000,22562,22160,22,-168,1014914,58428,0,-300000,144187,0,0,0,0,0,0,0,0,0,0,0,0,0,0,0,0,0,0,0,0,0,0,0,0,0,0,0,0,0.000000,0.000000,0.000000,0.000000,0.000000,0.000000,0.020000,-100000.000000,0.020000,-100000.000000,0.020000,-100000.000000,20.723200,20.699854,20.769892,20.708704,20.824244,20.706049,22.407526,0.988149,26.968206,0.000000,0.000000,0.000000,0.000000,0.000000,0.000000,-100000.000000,0.020000,0.500000,
69,146149,28.836330,0.062602,0,0,0,0,0,0,0,0,0,0,0,0,0,0,0,0,0,0,0,0,0,0,0,0,0,0,0,0,2,106632,-300000,-300000,-300000,22406,22020,54,-733,1013688,59814,0,-300000,146156,2,-162830,-300000,-300000,-300000,22593,22170,86,-320,1014903,58417,0,-300000,146272,0,0,0,0,0,0,0,0,0,0,0,0,0,0,0,0,0,0,0,0,0,0,0,0,0,0,0,0,0.000000,0.000000,0.000000,0.000000,0.000000,0.000000,0.020000,-100000.000000,0.020000,-100000.000000,0.020000,-100000.000000,20.727106,20.702478,20.772303,20.712275,20.827448,20.705713,22.441187,0.987825,26.542627,0.000000,0.000000,0.000000,0.000000,0.000000,0.000000,-100000.000000,0.020000,0.500000,
70,148240,28.833961,0.063278,0,0,0,0,0,0,0,0,0,0,0,0,0,0,0,0,0,0,0,0,0,0,0,0,0,0,0,0,2,-176297,-300000,-300000,-300000,22406,22020,37,-638,1013714,59803,0,-300000,148247,2,-146165,-300000,-300000,-300000,22593,22170,90,-397,1014967,58408,0,-300000,148364,0,0,0,0,0,0,0,0,0,0,0,0,0,0,0,0,0,0,0,0,0,0,0,0,0,0,0,0,0.000000,0.000000,0.000000,0.000000,0.000000,0.000000,0.020000,-100000.000000,0.020000,-100000.000000,0.020000,-100000.000000,20.725855,20.695124,20.781733,20.703058,20.826319,20.707422,22.464197,0.987852,26.542627,0.000000,0.000000,0.000000,0.000000,0.000000,0.000000,-100000.000000,0.020000,0.500000,
71,150327,28.835228,0.061848,0,0,0,0,0,0,0,0,0,0,0,0,0,0,0,0,0,0,0,0,0,0,0,0,0,0,0,0,2,179010,-300000,-300000,-300000,22437,22030,120,-246,1013723,59803,0,-300000,150334,2,171681,-300000,-300000,-300000,22625,22180,76,280,1014975,58409,0,-300000,150451,0,0,0,0,0,0,0,0,0,0,0,0,0,0,0,0,0,0,0,0,0,0,0,0,0,0,0,0,0.000000,0.000000,0.000000,0.000000,0.000000,0.000000,0.020000,-100000.000000,0.020000,-100000.000000,0.020000,-100000.000000,20.730890,20.706415,20.768152,20.710443,20.839869,20.710443,22.489405,0.987688,26.542627,0.000000,0.000000,0.000000,0.000000,0.000000,0.000000,-100000.000000,0.020000,0.500000,
72,152413,28.836094,0.060998,0,0,0,0,0,0,0,0,0,0,0,0,0,0,0,0,0,0,0,0,0,0,0,0,0,0,0,0,2,132490,-300000,-300000,-300000,22437,22030,121,-733,1013785,59783,0,-300000,152420,2,-131425,-300000,-300000,-300000,22593,22180,64,-196,1014948,58387,0,-300000,152537,0,0,0,0,0,0,0,0,0,0,0,0,0,0,0,0,0,0,0,0,0,0,0,0,0,0,0,0,0.000000,0.000000,0.000000,0.000000,0.000000,0.000000,0.020000,-100000.000000,0.020000,-100000.000000,0.020000,-100000.000000,20.709742,20.705591,20.778040,20.718134,20.823786,20.698572,22.499659,0.987772,26.542627,0.000000,0.000000,0.000000,0.000000,0.000000,0.000000,-100000.000000,0.020000,0.500000,
73,154500,28.835938,0.061134,0,0,0,0,0,0,0,0,0,0,0,0,0,0,0,0,0,0,0,0,0,0,0,0,0,0,0,0,2,37201,-300000,-300000,-300000,22437,22050,105,-752,1013694,59772,0,-300000,154506,2,-156036,-300000,-300000,-300000,22625,22180,91,-855,1014975,58387,0,-300000,154623,0,0,0,0,0,0,0,0,0,0,0,0,0,0,0,0,0,0,0,0,0,0,0,0,0,0,0,0,0.000000,0.000000,0.000000,0.000000,0.000000,0.000000,0.020000,-100000.000000,0.020000,-100000.000000,0.020000,-100000.000000,20.737574,20.700312,20.772181,20.710199,20.833094,20.703302,22.528376,0.987575,26.542627,0.000000,0.000000,0.000000,0.000000,0.000000,0.000000,-100000.000000,0.020000,0.500000,
74,156587,28.834831,0.062058,0,0,0,0,0,0,0,0,0,0,0,0,0,0,0,0,0,0,0,0,0,0,0,0,0,0,0,0,2,96201,-300000,-300000,-300000,22437,22040,96,-514,1013740,59761,0,-300000,156594,2,171240,-300000,-300000,-300000,22625,22180,93,61,1014893,58375,0,-300000,156710,0,0,0,0,0,0,0,0,0,0,0,0,0,0,0,0,0,0,0,0,0,0,0,0,0,0,0,0,0.000000,0.000000,0.000000,0.000000,0.000000,0.000000,0.020000,-100000.000000,0.020000,-100000.000000,0.020000,-100000.000000,20.722040,20.700190,20.773340,20.711695,20.829065,20.698359,22.555780,0.987879,26.542627,0.000000,0.000000,0.000000,0.000000,0.000000,0.000000,-100000.000000,0.020000,0.500000,
75,158671,28.835938,0.060780,0,0,0,0,0,0,0,0,0,0,0,0,0,0,0,0,0,0,0,0,0,0,0,0,0,0,0,0,2,132338,-300000,-300000,-300000,22437,22050,40,-523,1013802,59739,0,-300000,158678,2,175788,-300000,-300000,-300000,22625,22190,45,-263,1014938,58375,0,-300000,158794,0,0,0,0,0,0,0,0,0,0,0,0,0,0,0,0,0,0,0,0,0,0,0,0,0,0,0,0,0.000000,0.000000,0.000000,0.000000,0.000000,0.000000,0.020000,-100000.000000,0.020000,-100000.000000,0.020000,-100000.000000,20.719385,20.713648,20.770350,20.714685,20.821253,20.700525,22.566034,0.988212,26.968206,0.000000,0.000000,0.000000,0.000000,0.000000,0.000000,-100000.000000,0.020000,0.500000,
76,160757,28.838308,0.059923,0,0,0,0,0,0,0,0,0,0,0,0,0,0,0,0,0,0,0,0,0,0,0,0,0,0,0,0,2,-145053,-300000,-300000,-300000,22437,22050,127,-418,1013757,59741,0,-300000,160763,2,-163784,-300000,-300000,-300000,22625,22190,118,-254,1014946,58366,0,-300000,160881,0,0,0,0,0,0,0,0,0,0,0,0,0,0,0,0,0,0,0,0,0,0,0,0,0,0,0,0,0.000000,0.000000,0.000000,0.000000,0.000000,0.000000,0.020000,-100000.000000,0.020000,-100000.000000,0.020000,-100000.000000,20.715845,20.700647,20.766535,20.713526,20.829981,20.697443,22.586695,0.987995,26.542627,0.000000,0.000000,0.000000,0.000000,0.000000,0.000000,-100000.000000,0.020000,0.500000,
77,162843,28.833014,0.061413,0,0,0,0,0,0,0,0,0,0,0,0,0,0,0,0,0,0,0,0,0,0,0,0,0,0,0,0,2,-110592,-300000,-300000,-300000,22468,22060,101,-885,1013711,59718,0,-300000,162849,2,-140742,-300000,-300000,-300000,22656,22200,81,223,1014991,58369,0,-300000,162967,0,0,0,0,0,0,0,0,0,0,0,0,0,0,0,0,0,0,0,0,0,0,0,0,0,0,0,0,0.000000,0.000000,0.000000,0.000000,0.000000,0.000000,0.020000,-100000.000000,0.020000,-100000.000000,0.020000,-100000.000000,20.724237,20.709406,20.777124,20.708368,20.832758,20.700647,22.610437,0.987485,26.117048,0.000000,0.000000,0.000000,0.000000,0.000000,0.000000,-100000.000000,0.020000,0.500000,
78,164930,28.834435,0.062399,0,0,0,0,0,0,0,0,0,0,0,0,0,0,0,0,0,0,0,0,0,0,0,0,0,0,0,0,2,-157569,-300000,-300000,-300000,22468,22070,137,-1219,1013701,59730,0,-300000,164936,2,154082,-300000,-300000,-300000,22625,22210,91,-950,1014945,58335,0,-300000,165055,0,0,0,0,0,0,0,0,0,0,0,0,0,0,0,0,0,0,0,0,0,0,0,0,0,0,0,0,0.000000,0.000000,0.000000,0.000000,0.000000,0.000000,0.020000,-100000.000000,0.020000,-100000.000000,0.020000,-100000.000000,20.732172,20.692469,20.777246,20.716516,20.819300,20.704554,22.621607,0.987848,26.968206,0.000000,0.000000,0.000000,0.000000,0.000000,0.000000,-100000.000000,0.020000,0.500000,
79,167017,28.835541,0.059989,0,0,0,0,0,0,0,0,0,0,0,0,0,0,0,0,0,0,0,0,0,0,0,0,0,0,0,0,2,156477,-300000,-300000,-300000,22468,22070,42,78,1013728,59730,0,-300000,167024,2,-154381,-300000,-300000,-300000,22656,22200,30,-244,1014927,58334,0,-300000,167140,0,0,0,0,0,0,0,0,0,0,0,0,0,0,0,0,0,0,0,0,0,0,0,0,0,0,0,0,0.000000,0.000000,0.000000,0.000000,0.000000,0.000000,0.020000,-100000.000000,0.020000,-100000.000000,0.020000,-100000.000000,20.719294,20.716639,20.776087,20.717340,20.822626,20.699030,22.644068,0.988242,26.542627,0.000000,0.000000,0.000000,0.000000,0.000000,0.000000,-100000.000000,0.020000,0.500000,
80,169103,28.832539,0.061306,0,0,0,0,0,0,0,0,0,0,0,0,0,0,0,0,0,0,0,0,0,0,0,0,0,0,0,0,2,-110652,-300000,-300000,-300000,22468,22080,106,-1238,1013754,59710,0,-300000,169109,2,-136770,-300000,-300000,-300000,22656,22210,69,166,1014953,58335,0,-300000,169228,0,0,0,0,0,0,0,0,0,0,0,0,0,0,0,0,0,0,0,0,0,0,0,0,0,0,0,0,0.000000,0.000000,0.000000,0.000000,0.000000,0.000000,0.020000,-100000.000000,0.020000,-100000.000000,0.020000,-100000.000000,20.720911,20.708704,20.766321,20.712152,20.830103,20.703882,22.659906,0.987885,26.968206,0.000000,0.000000,0.000000,0.000000,0.000000,0.000000,-100000.000000,0.020000,0.500000,
81,171191,28.836571,0.064021,0,0,0,0,0,0,0,0,0,0,0,0,0,0,0,0,0,0,0,0,0,0,0,0,0,0,0,0,2,173501,-300000,-300000,-300000,22468,22080,119,-752,1013772,59699,0,-300000,171198,2,-175179,-300000,-300000,-300000,22656,22220,182,-72,1014962,58326,0,-300000,171315,0,0,0,0,0,0,0,0,0,0,0,0,0,0,0,0,0,0,0,0,0,0,0,0,0,0,0,0,0.000000,0.000000,0.000000,0.000000,0.000000,0.000000,0.020000,-100000.000000,0.020000,-100000.000000,0.020000,-100000.000000,20.727564,20.704218,20.774591,20.716761,20.829981,20.704798,22.695459,0.987989,26.968206,0.000000,0.000000,0.000000,0.000000,0.000000,0.000000,-100000.000000,0.020000,0.500000,
82,173278,28.835777,0.060656,0,0,0,0,0,0,0,0,0,0,0,0,0,0,0,0,0,0,0,0,0,0,0,0,0,0,0,0,2,-116900,-300000,-300000,-300000,22500,22080,114,-1048,1013691,59709,0,-300000,173285,2,-120642,-300000,-300000,-300000,22656,22220,78,-311,1014943,58316,0,-300000,173403,0,0,0,0,0,0,0,0,0,0,0,0,0,0,0,0,0,0,0,0,0,0,0,0,0,0,0,0,0.000000,0.000000,0.000000,0.000000,0.000000,0.000000,0.020000,-100000.000000,0.020000,-100000.000000,0.020000,-100000.000000,20.728022,20.712946,20.784266,20.714685,20.820215,20.709040,22.702326,0.987835,26.542627,0.000000,0.000000,0.000000,0.000000,0.000000,0.000000,-100000.000000,0.020000,0.500000,
83,175366,28.834751,0.061082,0,0,0,0,0,0,0,0,0,0,0,0,0,0,0,0,0,0,0,0,0,0,0,0,0,0,0,0,2,-75021,-300000,-300000,-300000,22500,22080,41,-504,1013754,59700,0,-300000,175373,2,149166,-300000,-300000,-300000,22656,22220,89,338,1014971,58316,0,-300000,175489,0,0,0,0,0,0,0,0,0,0,0,0,0,0,0,0,0,0,0,0,0,0,0,0,0,0,0,0,0.000000,0.000000,0.000000,0.000000,0.000000,0.000000,0.020000,-100000.000000,0.020000,-100000.000000,0.020000,-100000.000000,20.731836,20.715387,20.785395,20.706751,20.820459,20.710993,22.720881,0.988115,26.968206,0.000000,0.000000,0.000000,0.000000,0.000000,0.000000,-100000.000000,0.020000,0.500000,
84,177452,28.833565,0.061930,0,0,0,0,0,0,0,0,0,0,0,0,0,0,0,0,0,0,0,0,0,0,0,0,0,0,0,0,2,169352,-300000,-300000,-300000,22468,22100,139,-1248,1013761,59691,0,-300000,177459,2,-50456,-300000,-300000,-300000,22656,22230,30,118,1014952,58293,0,-300000,177577,0,0,0,0,0,0,0,0,0,0,0,0,0,0,0,0,0,0,0,0,0,0,0,0,0,0,0,0,0.000000,0.000000,0.000000,0.000000,0.000000,0.000000,0.020000,-100000.000000,0.020000,-100000.000000,0.020000,-100000.000000,20.728479,20.711115,20.788843,20.712946,20.820093,20.691553,22.744989,0.987979,26.542627,0.000000,0.000000,0.000000,0.000000,0.000000,0.000000,-100000.000000,0.020000,0.500000,
85,179539,28.836174,0.062426,0,0,0,0,0,0,0,0,0,0,0,0,0,0,0,0,0,0,0,0,0,0,0,0,0,0,0,0,2,-168925,-300000,-300000,-300000,22500,22100,53,-828,1013680,59680,0,-300000,179546,2,131555,-300000,-300000,-300000,22656,22240,14,61,1014969,58294,0,-300000,179663,0,0,0,0,0,0,0,0,0,0,0,0,0,0,0,0,0,0,0,0,0,0,0,0,0,0,0,0,0.000000,0.000000,0.000000,0.000000,0.000000,0.000000,0.020000,-100000.000000,0.020000,-100000.000000,0.020000,-100000.000000,20.719507,20.705835,20.776087,20.727930,20.826319,20.706751,22.765375,0.987808,26.542627,0.000000,0.000000,0.000000,0.000000,0.000000,0.000000,-100000.000000,0.020000,0.500000,
86,181625,28.833643,0.063324,0,0,0,0,0,0,0,0,0,0,0,0,0,0,0,0,0,0,0,0,0,0,0,0,0,0,0,0,2,-119724,-300000,-300000,-300000,22468,22110,83,-1181,1013796,59646,0,-300000,181632,2,-176747,-300000,-300000,-300000,22687,22230,51,-53,1014960,58305,0,-300000,181749,0,0,0,0,0,0,0,0,0,0,0,0,0,0,0,0,0,0,0,0,0,0,0,0,0,0,0,0,0.000000,0.000000,0.000000,0.000000,0.000000,0.000000,0.020000,-100000.000000,0.020000,-100000.000000,0.020000,-100000.000000,20.722742,20.705011,20.799524,20.710901,20.823999,20.701807,22.776392,0.988042,26.968206,0.000000,0.000000,0.000000,0.000000,0.000000,0.000000,-100000.000000,0.020000,0.500000,
87,183712,28.832539,0.062525,0,0,0,0,0,0,0,0,0,0,0,0,0,0,0,0,0,0,0,0,0,0,0,0,0,0,0,0,2,-170472,-300000,-300000,-300000,22468,22110,105,-514,1013743,59658,0,-300000,183718,2,115185,-300000,-300000,-300000,22687,22240,73,-120,1014978,58285,0,-300000,183836,0,0,0,0,0,0,0,0,0,0,0,0,0,0,0,0,0,0,0,0,0,0,0,0,0,0,0,0,0.000000,0.000000,0.000000,0.000000,0.000000,0.000000,0.020000,-100000.000000,0.020000,-100000.000000,0.020000,-100000.000000,20.728601,20.703424,20.787134,20.704340,20.831934,20.708002,22.798304,0.988349,26.968206,0.000000,0.000000,0.000000,0.000000,0.000000,0.000000,-100000.000000,0.020000,0.500000,
88,185799,28.833961,0.060729,0,0,0,0,0,0,0,0,0,0,0,0,0,0,0,0,0,0,0,0,0,0,0,0,0,0,0,0,2,106669,-300000,-300000,-300000,22500,22110,105,-475,1013743,59646,0,-300000,185805,2,-95070,-300000,-300000,-300000,22687,22250,96,328,1014968,58287,0,-300000,185923,0,0,0,0,0,0,0,0,0,0,0,0,0,0,0,0,0,0,0,0,0,0,0,0,0,0,0,0,0.000000,0.000000,0.000000,0.000000,0.000000,0.000000,0.020000,-100000.000000,0.020000,-100000.000000,0.020000,-100000.000000,20.720453,20.707209,20.781733,20.719049,20.829767,20.696039,22.821100,0.987778,26.968206,0.000000,0.000000,0.000000,0.000000,0.000000,0.000000,-100000.000000,0.020000,0.500000,
89,187885,28.834040,0.061459,0,0,0,0,0,0,0,0,0,0,0,0,0,0,0,0,0,0,0,0,0,0,0,0,0,0,0,0,2,-57848,-300000,-300000,-300000,22531,22120,50,-1801,1013759,59638,0,-300000,187892,2,-158613,-300000,-300000,-300000,22687,22240,103,-797,1015005,58263,0,-300000,188009,0,0,0,0,0,0,0,0,0,0,0,0,0,0,0,0,0,0,0,0,0,0,0,0,0,0,0,0,0.000000,0.000000,0.000000,0.000000,0.000000,0.000000,0.020000,-100000.000000,0.020000,-100000.000000,0.020000,-100000.000000,20.724451,20.711451,20.785852,20.714930,20.833673,20.705256,22.844568,0.988032,26.968206,0.000000,0.000000,0.000000,0.000000,0.000000,0.000000,-100000.000000,0.020000,0.500000,
90,189971,28.833723,0.062501,0,0,0,0,0,0,0,0,0,0,0,0,0,0,0,0,0,0,0,0,0,0,0,0,0,0,0,0,2,-65586,-300000,-300000,-300000,22500,22120,35,-1172,1013706,59638,0,-300000,189977,2,-116925,-300000,-300000,-300000,22687,22250,94,-244,1014986,58264,0,-300000,190095,0,0,0,0,0,0,0,0,0,0,0,0,0,0,0,0,0,0,0,0,0,0,0,0,0,0,0,0,0.000000,0.000000,0.000000,0.000000,0.000000,0.000000,0.020000,-100000.000000,0.020000,-100000.000000,0.020000,-100000.000000,20.730097,20.693171,20.785975,20.722864,20.851343,20.696741,22.847925,0.988182,26.968206,0.000000,0.000000,0.000000,0.000000,0.000000,0.000000,-100000.000000,0.020000,0.500000,
91,192058,28.834040,0.061797,0,0,0,0,0,0,0,0,0,0,0,0,0,0,0,0,0,0,0,0,0,0,0,0,0,0,0,0,2,175187,-300000,-300000,-300000,22500,22120,139,-1210,1013687,59616,0,-300000,192064,2,-81680,-300000,-300000,-300000,22687,22250,61,-444,1014940,58264,0,-300000,192182,0,0,0,0,0,0,0,0,0,0,0,0,0,0,0,0,0,0,0,0,0,0,0,0,0,0,0,0,0.000000,0.000000,0.000000,0.000000,0.000000,0.000000,0.020000,-100000.000000,0.020000,-100000.000000,0.020000,-100000.000000,20.729181,20.699854,20.797358,20.721247,20.824366,20.715265,22.867640,0.987872,26.968206,0.000000,0.000000,0.000000,0.000000,0.000000,0.000000,-100000.000000,0.020000,0.500000,
92,194145,28.835464,0.061943,0,0,0,0,0,0,0,0,0,0,0,0,0,0,0,0,0,0,0,0,0,0,0,0,0,0,0,0,2,-143870,-300000,-300000,-300000,22531,22130,124,-399,1013723,59627,0,-300000,194152,2,144495,-300000,-300000,-300000,22687,22260,84,-149,1014930,58244,0,-300000,194269,0,0,0,0,0,0,0,0,0,0,0,0,0,0,0,0,0,0,0,0,0,0,0,0,0,0,0,0,0.000000,0.000000,0.000000,0.000000,0.000000,0.000000,0.020000,-100000.000000,0.020000,-100000.000000,0.020000,-100000.000000,20.737818,20.706964,20.794703,20.716059,20.818964,20.713312,22.886957,0.987862,27.393785,0.000000,0.000000,0.000000,0.000000,0.000000,0.000000,-100000.000000,0.020000,0.500000,
93,196232,28.835697,0.061933,0,0,0,0,0,0,0,0,0,0,0,0,0,0,0,0,0,0,0,0,0,0,0,0,0,0,0,0,2,-132708,-300000,-300000,-300000,22531,22140,81,-1009,1013713,59607,0,-300000,196238,2,-154794,-300000,-300000,-300000,22718,22260,109,-406,1014976,58253,0,-300000,196356,0,0,0,0,0,0,0,0,0,0,0,0,0,0,0,0,0,0,0,0,0,0,0,0,0,0,0,0,0.000000,0.000000,0.000000,0.000000,0.000000,0.000000,0.020000,-100000.000000,0.020000,-100000.000000,0.020000,-100000.000000,20.723200,20.706507,20.797022,20.727564,20.830103,20.705469,22.897699,0.987855,26.968206,0.000000,0.000000,0.000000,0.000000,0.000000,0.000000,-100000.000000,0.020000,0.500000,
94,198320,28.835384,0.060501,0,0,0,0,0,0,0,0,0,0,0,0,0,0,0,0,0,0,0,0,0,0,0,0,0,0,0,0,2,-112771,-300000,-300000,-300000,22531,22140,157,-1343,1013713,59607,0,-300000,198326,2,-130970,-300000,-300000,-300000,22687,22260,42,-1341,1014958,58244,0,-300000,198445,0,0,0,0,0,0,0,0,0,0,0,0,0,0,0,0,0,0,0,0,0,0,0,0,0,0,0,0,0.000000,0.000000,0.000000,0.000000,0.000000,0.000000,0.020000,-100000.000000,0.020000,-100000.000000,0.020000,-100000.000000,20.731592,20.708704,20.788050,20.716516,20.836634,20.700983,22.932795,0.988048,26.968206,0.000000,0.000000,0.000000,0.000000,0.000000,0.000000,-100000.000000,0.020000,0.500000,
95,200409,28.835777,0.061314,0,0,0,0,0,0,0,0,0,0,0,0,0,0,0,0,0,0,0,0,0,0,0,0,0,0,0,0,2,150187,-300000,-300000,-300000,22531,22150,88,-542,1013756,59608,0,-300000,200416,2,-170769,-300000,-300000,-300000,22718,22270,78,80,1014966,58234,0,-300000,200532,0,0,0,0,0,0,0,0,0,0,0,0,0,0,0,0,0,0,0,0,0,0,0,0,0,0,0,0,0.000000,0.000000,0.000000,0.000000,0.000000,0.000000,0.020000,-100000.000000,0.020000,-100000.000000,0.020000,-100000.000000,20.724360,20.720209,20.785639,20.720911,20.829859,20.708582,22.938501,0.988239,26.968206,0.000000,0.000000,0.000000,0.000000,0.000000,0.000000,-100000.000000,0.020000,0.500000,
96,202494,28.835068,0.061533,0,0,0,0,0,0,0,0,0,0,0,0,0,0,0,0,0,0,0,0,0,0,0,0,0,0,0,0,2,-10234,-300000,-300000,-300000,22531,22150,41,-866,1013756,59608,0,-300000,202500,2,-171540,-300000,-300000,-300000,22718,22270,42,-1379,1014975,58234,0,-300000,202617,0,0,0,0,0,0,0,0,0,0,0,0,0,0,0,0,0,0,0,0,0,0,0,0,0,0,0,0,0.000000,0.000000,0.000000,0.000000,0.000000,0.000000,0.020000,-100000.000000,0.020000,-100000.000000,0.020000,-100000.000000,20.723322,20.700891,20.788172,20.721827,20.830439,20.699396,22.955072,0.988019,27.393785,0.000000,0.000000,0.000000,0.000000,0.000000,0.000000,-100000.000000,0.020000,0.500000,
97,204581,28.833172,0.059881,0,0,0,0,0,0,0,0,0,0,0,0,0,0,0,0,0,0,0,0,0,0,0,0,0,0,0,0,2,177929,-300000,-300000,-300000,22531,22140,165,-552,1013721,59585,0,-300000,204587,2,111536,-300000,-300000,-300000,22750,22280,106,-397,1014956,58222,0,-300000,204705,0,0,0,0,0,0,0,0,0,0,0,0,0,0,0,0,0,0,0,0,0,0,0,0,0,0,0,0,0.000000,0.000000,0.000000,0.000000,0.000000,0.000000,0.020000,-100000.000000,0.020000,-100000.000000,0.020000,-100000.000000,20.733423,20.702845,20.795862,20.708246,20.826777,20.718958,22.965570,0.987962,27.393785,0.000000,0.000000,0.000000,0.000000,0.000000,0.000000,-100000.000000,0.020000,0.500000,
98,206668,28.833565,0.062210,0,0,0,0,0,0,0,0,0,0,0,0,0,0,0,0,0,0,0,0,0,0,0,0,0,0,0,0,2,-126866,-300000,-300000,-300000,22562,22150,100,-1324,1013738,59564,0,-300000,206675,2,148175,-300000,-300000,-300000,22718,22280,69,71,1014956,58222,0,-300000,206793,0,0,0,0,0,0,0,0,0,0,0,0,0,0,0,0,0,0,0,0,0,0,0,0,0,0,0,0,0.000000,0.000000,0.000000,0.000000,0.000000,0.000000,0.020000,-100000.000000,0.020000,-100000.000000,0.020000,-100000.000000,20.731836,20.707087,20.780237,20.704096,20.828363,20.727350,23.006220,0.987892,26.968206,0.000000,0.000000,0.000000,0.000000,0.000000,0.000000,-100000.000000,0.020000,0.500000,
99,208755,28.836884,0.060875,0,0,0,0,0,0,0,0,0,0,0,0,0,0,0,0,0,0,0,0,0,0,0,0,0,0,0,0,2,-171150,-300000,-300000,-300000,22562,22160,117,-1648,1013747,59576,0,-300000,208762,2,-167063,-300000,-300000,-300000,22718,22280,66,195,1015011,58201,0,-300000,208880,0,0,0,0,0,0,0,0,0,0,0,0,0,0,0,0,0,0,0,0,0,0,0,0,0,0,0,0,0.000000,0.000000,0.000000,0.000000,0.000000,0.000000,0.020000,-100000.000000,0.020000,-100000.000000,0.020000,-100000.000000,20.735376,20.701685,20.788721,20.716425,20.841700,20.708826,23.016443,0.988262,26.968206,0.000000,0.000000,0.000000,0.000000,0.000000,0.000000,-100000.000000,0.020000,0.500000,
100,210843,28.832300,0.063670,0,0,0,0,0,0,0,0,0,0,0,0,0,0,0,0,0,0,0,0,0,0,0,0,0,0,0,0,2,96571,-300000,-300000,-300000,22562,22160,62,-1877,1013755,59566,0,-300000,210850,2,-148716,-300000,-300000,-300000,22718,22290,92,-244,1014954,58203,0,-300000,210966,0,0,0,0,0,0,0,0,0,0,0,0,0,0,0,0,0,0,0,0,0,0,0,0,0,0,0,0,0.000000,0.000000,0.000000,0.000000,0.000000,0.000000,0.020000,-100000.000000,0.020000,-100000.000000,0.020000,-100000.000000,20.731714,20.708918,20.786097,20.719049,20.827692,20.711939,23.023432,0.987805,27.393785,0.000000,0.000000,0.000000,0.000000,0.000000,0.000000,-100000.000000,0.020000,0.500000,
101,212930,28.835304,0.061490,0,0,0,0,0,0,0,0,0,0,0,0,0,0,0,0,0,0,0,0,0,0,0,0,0,0,0,0,2,-126546,-300000,-300000,-300000,22562,22160,101,-2001,1013800,59565,0,-300000,212937,2,-166567,-300000,-300000,-300000,22718,22290,134,157,1014982,58214,0,-300000,213055,0,0,0,0,0,0,0,0,0,0,0,0,0,0,0,0,0,0,0,0,0,0,0,0,0,0,0,0,0.000000,0.000000,0.000000,0.000000,0.000000,0.000000,0.020000,-100000.000000,0.020000,-100000.000000,0.020000,-100000.000000,20.724451,20.712732,20.789179,20.723200,20.828943,20.711573,23.036493,0.988255,26.968206,0.000000,0.000000,0.000000,0.000000,0.000000,0.000000,-100000.000000,0.020000,0.500000,
102,215018,28.833014,0.062655,0,0,0,0,0,0,0,0,0,0,0,0,0,0,0,0,0,0,0,0,0,0,0,0,0,0,0,0,2,176175,-300000,-300000,-300000,22562,22160,91,-962,1013701,59578,0,-300000,215025,2,-125503,-300000,-300000,-300000,22718,22290,101,328,1014918,58203,0,-300000,215141,0,0,0,0,0,0,0,0,0,0,0,0,0,0,0,0,0,0,0,0,0,0,0,0,0,0,0,0,0.000000,0.000000,0.000000,0.000000,0.000000,0.000000,0.020000,-100000.000000,0.020000,-100000.000000,0.020000,-100000.000000,20.736200,20.715143,20.783228,20.717798,20.825617,20.710077,23.066919,0.988202,26.968206,0.000000,0.000000,0.000000,0.000000,0.000000,0.000000,-100000.000000,0.020000,0.500000,
103,217103,28.834595,0.062340,0,0,0,0,0,0,0,0,0,0,0,0,0,0,0,0,0,0,0,0,0,0,0,0,0,0,0,0,2,-164966,-300000,-300000,-300000,22562,22160,137,-342,1013693,59520,0,-300000,217109,2,-169120,-300000,-300000,-300000,22718,22310,46,-111,1014989,58183,0,-300000,217227,0,0,0,0,0,0,0,0,0,0,0,0,0,0,0,0,0,0,0,0,0,0,0,0,0,0,0,0,0.000000,0.000000,0.000000,0.000000,0.000000,0.000000,0.020000,-100000.000000,0.020000,-100000.000000,0.020000,-100000.000000,20.740564,20.708460,20.775293,20.717798,20.841822,20.699610,23.098352,0.988139,26.968206,0.000000,0.000000,0.000000,0.000000,0.000000,0.000000,-100000.000000,0.020000,0.500000,
104,219191,28.836807,0.061616,0,0,0,0,0,0,0,0,0,0,0,0,0,0,0,0,0,0,0,0,0,0,0,0,0,0,0,0,2,-120995,-300000,-300000,-300000,22562,22180,7,-924,1013753,59534,0,-300000,219198,2,107862,-300000,-300000,-300000,22750,22300,55,-587,1014944,58182,0,-300000,219314,0,0,0,0,0,0,0,0,0,0,0,0,0,0,0,0,0,0,0,0,0,0,0,0,0,0,0,0,0.000000,0.000000,0.000000,0.000000,0.000000,0.000000,0.020000,-100000.000000,0.020000,-100000.000000,0.020000,-100000.000000,20.728724,20.701349,20.806086,20.718470,20.826899,20.716974,23.106653,0.987532,26.968206,0.000000,0.000000,0.000000,0.000000,0.000000,0.000000,-100000.000000,0.020000,0.500000,
105,221277,28.833328,0.061762,0,0,0,0,0,0,0,0,0,0,0,0,0,0,0,0,0,0,0,0,0,0,0,0,0,0,0,0,2,-162360,-300000,-300000,-300000,22562,22180,89,-1162,1013708,59536,0,-300000,221283,2,-94542,-300000,-300000,-300000,22750,22310,20,252,1014980,58183,0,-300000,221401,0,0,0,0,0,0,0,0,0,0,0,0,0,0,0,0,0,0,0,0,0,0,0,0,0,0,0,0,0.000000,0.000000,0.000000,0.000000,0.000000,0.000000,0.020000,-100000.000000,0.020000,-100000.000000,0.020000,-100000.000000,20.731012,20.711939,20.783686,20.722284,20.823542,20.715723,23.112085,0.988109,27.393785,0.000000,0.000000,0.000000,0.000000,0.000000,0.000000,-100000.000000,0.020000,0.500000,
106,223363,28.835068,0.060490,0,0,0,0,0,0,0,0,0,0,0,0,0,0,0,0,0,0,0,0,0,0,0,0,0,0,0,0,2,131682,-300000,-300000,-300000,22562,22180,29,-800,1013780,59512,0,-300000,223369,2,110771,-300000,-300000,-300000,22750,22300,49,-225,1014971,58160,0,-300000,223486,0,0,0,0,0,0,0,0,0,0,0,0,0,0,0,0,0,0,0,0,0,0,0,0,0,0,0,0,0.000000,0.000000,0.000000,0.000000,0.000000,0.000000,0.020000,-100000.000000,0.020000,-100000.000000,0.020000,-100000.000000,20.732965,20.714930,20.772058,20.728724,20.831263,20.713648,23.123590,0.988349,27.393785,0.000000,0.000000,0.000000,0.000000,0.000000,0.000000,-100000.000000,0.020000,0.500000,
107,225449,28.836174,0.060532,0,0,0,0,0,0,0,0,0,0,0,0,0,0,0,0,0,0,0,0,0,0,0,0,0,0,0,0,2,-103383,-300000,-300000,-300000,22593,22180,64,1,1013727,59512,0,-300000,225456,2,108753,-300000,-300000,-300000,22750,22310,39,-244,1014953,58172,0,-300000,225571,0,0,0,0,0,0,0,0,0,0,0,0,0,0,0,0,0,0,0,0,0,0,0,0,0,0,0,0,0.000000,0.000000,0.000000,0.000000,0.000000,0.000000,0.020000,-100000.000000,0.020000,-100000.000000,0.020000,-100000.000000,20.742517,20.708918,20.785517,20.720331,20.843988,20.717798,23.134974,0.988195,26.968206,0.000000,0.000000,0.000000,0.000000,0.000000,0.000000,-100000.000000,0.020000,0.500000,
108,227534,28.833092,0.060774,0,0,0,0,0,0,0,0,0,0,0,0,0,0,0,0,0,0,0,0,0,0,0,0,0,0,0,0,2,-70924,-300000,-300000,-300000,22593,22190,172,-542,1013805,59491,0,-300000,227541,2,165012,-300000,-300000,-300000,22750,22310,46,71,1014907,58172,0,-300000,227658,0,0,0,0,0,0,0,0,0,0,0,0,0,0,0,0,0,0,0,0,0,0,0,0,0,0,0,0,0.000000,0.000000,0.000000,0.000000,0.000000,0.000000,0.020000,-100000.000000,0.020000,-100000.000000,0.020000,-100000.000000,20.730555,20.707788,20.789301,20.717676,20.833094,20.723780,23.146082,0.988092,27.393785,0.000000,0.000000,0.000000,0.000000,0.000000,0.000000,-100000.000000,0.020000,0.500000,
109,229619,28.833488,0.063367,0,0,0,0,0,0,0,0,0,0,0,0,0,0,0,0,0,0,0,0,0,0,0,0,0,0,0,0,2,-128582,-300000,-300000,-300000,22593,22190,53,-704,1013743,59501,0,-300000,229626,2,160943,-300000,-300000,-300000,22781,22310,127,233,1014989,58172,0,-300000,229743,0,0,0,0,0,0,0,0,0,0,0,0,0,0,0,0,0,0,0,0,0,0,0,0,0,0,0,0,0.000000,0.000000,0.000000,0.000000,0.000000,0.000000,0.020000,-100000.000000,0.020000,-100000.000000,0.020000,-100000.000000,20.732508,20.719172,20.779200,20.721460,20.846643,20.699945,23.186182,0.987778,27.393785,0.000000,0.000000,0.000000,0.000000,0.000000,0.000000,-100000.000000,0.020000,0.500000,
110,231706,28.837044,0.061293,0,0,0,0,0,0,0,0,0,0,0,0,0,0,0,0,0,0,0,0,0,0,0,0,0,0,0,0,2,106070,-300000,-300000,-300000,22593,22200,68,307,1013733,59492,0,-300000,231713,2,167928,-300000,-300000,-300000,22750,22320,81,-34,1014915,58129,0,-300000,231829,0,0,0,0,0,0,0,0,0,0,0,0,0,0,0,0,0,0,0,0,0,0,0,0,0,0,0,0,0.000000,0.000000,0.000000,0.000000,0.000000,0.000000,0.020000,-100000.000000,0.020000,-100000.000000,0.020000,-100000.000000,20.728266,20.715479,20.787592,20.728144,20.824823,20.710199,23.201685,0.988215,26.968206,0.000000,0.000000,0.000000,0.000000,0.000000,0.000000,-100000.000000,0.020000,0.500000,
111,233791,28.834198,0.062350,0,0,0,0,0,0,0,0,0,0,0,0,0,0,0,0,0,0,0,0,0,0,0,0,0,0,0,0,2,126173,-300000,-300000,-300000,22593,22200,71,-895,1013769,59482,0,-300000,233798,2,-126764,-300000,-300000,-300000,22781,22320,23,-139,1014979,58151,0,-300000,233914,0,0,0,0,0,0,0,0,0,0,0,0,0,0,0,0,0,0,0,0,0,0,0,0,0,0,0,0,0.000000,0.000000,0.000000,0.000000,0.000000,0.000000,0.020000,-100000.000000,0.020000,-100000.000000,0.020000,-100000.000000,20.733332,20.714350,20.780451,20.710321,20.832178,20.719049,23.206873,0.988109,26.968206,0.000000,0.000000,0.000000,0.000000,0.000000,0.000000,-100000.000000,0.020000,0.500000,
112,235878,28.831747,0.061330,0,0,0,0,0,0,0,0,0,0,0,0,0,0,0,0,0,0,0,0,0,0,0,0,0,0,0,0,2,-142122,-300000,-300000,-300000,22593,22200,122,144,1013787,59492,0,-300000,235884,2,-164169,-300000,-300000,-300000,22781,22330,50,-320,1014987,58130,0,-300000,236002,0,0,0,0,0,0,0,0,0,0,0,0,0,0,0,0,0,0,0,0,0,0,0,0,0,0,0,0,0.000000,0.000000,0.000000,0.000000,0.000000,0.000000,0.020000,-100000.000000,0.020000,-100000.000000,0.020000,-100000.000000,20.741938,20.709284,20.781153,20.726191,20.829401,20.714808,23.211908,0.988192,27.393785,0.000000,0.000000,0.000000,0.000000,0.000000,0.000000,-100000.000000,0.020000,0.500000,
113,237964,28.834751,0.060948,0,0,0,0,0,0,0,0,0,0,0,0,0,0,0,0,0,0,0,0,0,0,0,0,0,0,0,0,2,166204,-300000,-300000,-300000,22593,22200,136,-552,1013742,59482,0,-300000,237971,2,-69960,-300000,-300000,-300000,22781,22330,49,23,1014987,58130,0,-300000,238089,0,0,0,0,0,0,0,0,0,0,0,0,0,0,0,0,0,0,0,0,0,0,0,0,0,0,0,0,0.000000,0.000000,0.000000,0.000000,0.000000,0.000000,0.020000,-100000.000000,0.020000,-100000.000000,0.020000,-100000.000000,20.737238,20.727686,20.780909,20.723780,20.840082,20.710779,23.229609,0.988082,27.819365,0.000000,0.000000,0.000000,0.000000,0.000000,0.000000,-100000.000000,0.020000,0.500000,
114,240050,28.803534,0.062432,0,0,0,0,0,0,0,0,0,0,0,0,0,0,0,0,0,0,0,0,0,0,0,0,0,0,0,0,2,117995,-300000,-300000,-300000,22593,22210,103,-723,1013751,59461,0,-300000,240056,2,-142938,-300000,-300000,-300000,22750,22340,157,42,1015032,58121,0,-300000,240174,0,0,0,0,0,0,0,0,0,0,0,0,0,0,0,0,0,0,0,0,0,0,0,0,0,0,0,0,0.000000,0.000000,0.000000,0.000000,0.000000,0.000000,0.020000,-100000.000000,0.020000,-100000.000000,0.020000,-100000.000000,20.735743,20.719507,20.784357,20.725153,20.848139,20.708918,23.252375,0.988145,27.819365,0.000000,0.000000,0.000000,0.000000,0.000000,0.000000,-100000.000000,0.020000,0.500000,
115,242137,28.804640,0.060673,0,0,0,0,0,0,0,0,0,0,0,0,0,0,0,0,0,0,0,0,0,0,0,0,0,0,0,0,2,121958,-300000,-300000,-300000,22593,22200,115,-981,1013715,59459,0,-300000,242144,2,141885,-300000,-300000,-300000,22750,22330,83,-549,1014941,58120,0,-300000,242261,0,0,0,0,0,0,0,0,0,0,0,0,0,0,0,0,0,0,0,0,0,0,0,0,0,0,0,0,0.000000,0.000000,0.000000,0.000000,0.000000,0.000000,0.020000,-100000.000000,0.020000,-100000.000000,0.020000,-100000.000000,20.732965,20.728937,20.778742,20.728266,20.849390,20.726648,23.271479,0.988055,27.393785,0.000000,0.000000,0.000000,0.000000,0.000000,0.000000,-100000.000000,0.020000,0.500000,
116,244222,28.806377,0.062215,0,0,0,0,0,0,0,0,0,0,0,0,0,0,0,0,0,0,0,0,0,0,0,0,0,0,0,0,2,-178599,-300000,-300000,-300000,22625,22210,163,-1381,1013786,59439,0,-300000,244228,2,-135034,-300000,-300000,-300000,22781,22340,66,-196,1015013,58110,0,-300000,244347,0,0,0,0,0,0,0,0,0,0,0,0,0,0,0,0,0,0,0,0,0,0,0,0,0,0,0,0,0.000000,0.000000,0.000000,0.000000,0.000000,0.000000,0.020000,-100000.000000,0.020000,-100000.000000,0.020000,-100000.000000,20.750208,20.706873,20.781946,20.728601,20.848261,20.706507,23.286737,0.988205,27.393785,0.000000,0.000000,0.000000,0.000000,0.000000,0.000000,-100000.000000,0.020000,0.500000,
117,246310,28.807880,0.061466,0,0,0,0,0,0,0,0,0,0,0,0,0,0,0,0,0,0,0,0,0,0,0,0,0,0,0,0,2,147063,-300000,-300000,-300000,22593,22220,18,-1839,1013767,59461,0,-300000,246317,2,-165557,-300000,-300000,-300000,22781,22340,82,-25,1014977,58110,0,-300000,246434,0,0,0,0,0,0,0,0,0,0,0,0,0,0,0,0,0,0,0,0,0,0,0,0,0,0,0,0,0.000000,0.000000,0.000000,0.000000,0.000000,0.000000,0.020000,-100000.000000,0.020000,-100000.000000,0.020000,-100000.000000,20.741938,20.731836,20.781153,20.721247,20.838129,20.716761,23.299006,0.988062,27.819365,0.000000,0.000000,0.000000,0.000000,0.000000,0.000000,-100000.000000,0.020000,0.500000,
118,248397,28.809065,0.061996,0,0,0,0,0,0,0,0,0,0,0,0,0,0,0,0,0,0,0,0,0,0,0,0,0,0,0,0,2,-148771,-300000,-300000,-300000,22593,22230,48,-1248,1013793,59441,0,-300000,248404,2,-170183,-300000,-300000,-300000,22781,22350,149,-196,1014994,58122,0,-300000,248521,0,0,0,0,0,0,0,0,0,0,0,0,0,0,0,0,0,0,0,0,0,0,0,0,0,0,0,0,0.000000,0.000000,0.000000,0.000000,0.000000,0.000000,0.020000,-100000.000000,0.020000,-100000.000000,0.020000,-100000.000000,20.733088,20.725611,20.775965,20.730219,20.828730,20.721003,23.318384,0.988405,27.393785,0.000000,0.000000,0.000000,0.000000,0.000000,0.000000,-100000.000000,0.020000,0.500000,
119,250485,28.807564,0.060688,0,0,0,0,0,0,0,0,0,0,0,0,0,0,0,0,0,0,0,0,0,0,0,0,0,0,0,0,2,135108,-300000,-300000,-300000,22625,22220,132,30,1013767,59427,0,-300000,250526,2,-12117,-300000,-300000,-300000,22750,22350,89,-587,1014967,58088,0,-300000,250642,0,0,0,0,0,0,0,0,0,0,0,0,0,0,0,0,0,0,0,0,0,0,0,0,0,0,0,0,0.000000,0.000000,0.000000,0.000000,0.000000,0.000000,0.020000,-100000.000000,0.020000,-100000.000000,0.020000,-100000.000000,20.753901,20.720453,20.785059,20.727106,20.843653,20.723078,23.343836,0.987962,27.819365,0.000000,0.000000,0.000000,0.000000,0.000000,0.000000,-100000.000000,0.020000,0.500000,
120,252605,28.806614,0.063129,0,0,0,0,0,0,0,0,0,0,0,0,0,0,0,0,0,0,0,0,0,0,0,0,0,0,0,0,2,24877,-300000,-300000,-300000,22625,22230,60,-418,1013757,59463,0,-300000,252612,2,-170113,-300000,-300000,-300000,22781,22350,132,-435,1014976,58101,0,-300000,252728,0,0,0,0,0,0,0,0,0,0,0,0,0,0,0,0,0,0,0,0,0,0,0,0,0,0,0,0,0.000000,0.000000,0.000000,0.000000,0.000000,0.000000,0.020000,-100000.000000,0.020000,-100000.000000,0.020000,-100000.000000,20.746302,20.712488,20.789545,20.732050,20.847895,20.719172,23.351587,0.987942,27.393785,0.000000,0.000000,0.000000,0.000000,0.000000,0.000000,-100000.000000,0.020000,0.500000,
